{
  "rho_full": 60.4376276798815,
  "rho_EE": 47.7193966770895,
  "norm_EE": 112.29015598243271,
  "norm_EI": 114.26843458432515,
  "norm_IE": 284.39802545924545,
  "norm_II": 127.56879478102557,
  "balance": 1.0
}