{
  "version": "1.0",
  "created": "2026-02-25T12:47:01",
  "seed": 100,
  "config": {
    "seed": 100,
    "N": 135,
    "frac_E": 0.8,
    "p_EE": 0.3,
    "p_EI": 0.2,
    "p_IE": 0.4,
    "p_II": 0.1,
    "A_base_EE": 3.0,
    "A_base_EI": 6.0,
    "A_base_IE": 11.2,
    "A_base_II": 11.2,
    "U_EE": 0.5,
    "D_EE": 1100.0,
    "F_EE": 50.0,
    "tau_I_EE": 3.0,
    "U_EI": 0.05,
    "D_EI": 125.0,
    "F_EI": 1200.0,
    "tau_I_EI": 3.0,
    "U_IE": 0.25,
    "D_IE": 700.0,
    "F_IE": 20.0,
    "tau_I_IE": 6.0,
    "U_II": 0.32,
    "D_II": 144.0,
    "F_II": 60.0,
    "tau_I_II": 6.0,
    "delay_EE": 1.5,
    "delay_EI": 0.8,
    "delay_IE": 0.8,
    "delay_II": 0.8,
    "delay_jitter": 0.1,
    "poisson_rate_hz": 20.0,
    "poisson_duration_ms": 6000.0,
    "poisson_K": 7,
    "dt_train_ms": 0.025,
    "dt_sim_ms": 0.025,
    "I_b_nA": 0.05,
    "rho_targets": [
      0.6,
      0.8,
      1.0,
      1.2,
      1.5
    ],
    "warmup_ms": 1000.0,
    "validation_ms": 3000.0,
    "balance_lo": 0.6,
    "balance_hi": 1.4,
    "bundle_dir": "bundles"
  },
  "seeds": {
    "master": 100,
    "graph": 7701346222059636172,
    "weights": 5502239730808721922,
    "stp": 2664293145889870451,
    "delays": 396158316079980611,
    "poisson": 8980376721383407784,
    "ei_split": 5501480436045364277,
    "validation": 7288891172456001639
  },
  "regimes": [
    {
      "name": "R1_super_stable",
      "index": 0,
      "alpha": 0.0056391848881649055,
      "rho_target": 0.6,
      "rho_actual": 0.5999999999999999,
      "balance": 0.9292455274694266,
      "block_diag": {
        "rho_full": 0.5999999999999999,
        "rho_EE": 0.5449766315671769,
        "norm_EE": 1.406480879193489,
        "norm_EI": 1.1802830819980934,
        "norm_IE": 2.8893886452048876,
        "norm_II": 0.6518386246191514,
        "ei_incoming_ratio": 1.172768785907223
      }
    },
    {
      "name": "R2_stable",
      "index": 1,
      "alpha": 0.007518913184219875,
      "rho_target": 0.8,
      "rho_actual": 0.7999999999999997,
      "balance": 0.9292455274694267,
      "block_diag": {
        "rho_full": 0.7999999999999997,
        "rho_EE": 0.7266355087562362,
        "norm_EE": 1.8753078389246525,
        "norm_EI": 1.5737107759974585,
        "norm_IE": 3.8525181936065174,
        "norm_II": 0.8691181661588687,
        "ei_incoming_ratio": 1.1727687859072238
      }
    },
    {
      "name": "R3_near_critical",
      "index": 2,
      "alpha": 0.009398641480274843,
      "rho_target": 1.0,
      "rho_actual": 1.0,
      "balance": 0.9292455274694267,
      "block_diag": {
        "rho_full": 1.0,
        "rho_EE": 0.9082943859452952,
        "norm_EE": 2.344134798655815,
        "norm_EI": 1.9671384699968228,
        "norm_IE": 4.815647742008147,
        "norm_II": 1.086397707698586,
        "ei_incoming_ratio": 1.1727687859072244
      }
    },
    {
      "name": "R4_edge_of_chaos",
      "index": 3,
      "alpha": 0.011278369776329811,
      "rho_target": 1.2,
      "rho_actual": 1.1999999999999997,
      "balance": 0.9292455274694266,
      "block_diag": {
        "rho_full": 1.1999999999999997,
        "rho_EE": 1.0899532631343538,
        "norm_EE": 2.812961758386978,
        "norm_EI": 2.360566163996187,
        "norm_IE": 5.778777290409775,
        "norm_II": 1.3036772492383029,
        "ei_incoming_ratio": 1.172768785907224
      }
    },
    {
      "name": "R5_chaotic",
      "index": 4,
      "alpha": 0.014097962220412263,
      "rho_target": 1.5,
      "rho_actual": 1.499999999999999,
      "balance": 0.9292455274694265,
      "block_diag": {
        "rho_full": 1.499999999999999,
        "rho_EE": 1.3624415789179423,
        "norm_EE": 3.5162021979837226,
        "norm_EI": 2.9507077049952337,
        "norm_IE": 7.223471613012219,
        "norm_II": 1.6295965615478785,
        "ei_incoming_ratio": 1.1727687859072247
      }
    }
  ],
  "validation": [
    {
      "regime": "R1_super_stable",
      "alpha": 0.0056391848881649055,
      "rate_E": 24.17283950617284,
      "rate_I": 27.40740740740741,
      "sync_E": 1.0697613577676208,
      "sync_I": 0.9843380187497929,
      "cv_isi_E": 0.5608745961901827,
      "cv_isi_I": 0.4672725481387552,
      "fano_E": 0.5177215189873419,
      "fano_I": 0.3666666666666666,
      "has_nan": false,
      "status": "OK"
    },
    {
      "regime": "R2_stable",
      "alpha": 0.007518913184219875,
      "rate_E": 23.91975308641975,
      "rate_I": 27.790123456790123,
      "sync_E": 1.0261692094964472,
      "sync_I": 1.007392719041374,
      "cv_isi_E": 0.5712175578582805,
      "cv_isi_I": 0.46663542317138273,
      "fano_E": 0.5302083333333334,
      "fano_I": 0.3916666666666667,
      "has_nan": false,
      "status": "OK"
    },
    {
      "regime": "R3_near_critical",
      "alpha": 0.009398641480274843,
      "rate_E": 23.645061728395063,
      "rate_I": 28.271604938271604,
      "sync_E": 1.1117334770968301,
      "sync_I": 0.9656754379709521,
      "cv_isi_E": 0.5775591644001267,
      "cv_isi_I": 0.4585762405760373,
      "fano_E": 0.5453781512605043,
      "fano_I": 0.37971014492753624,
      "has_nan": false,
      "status": "OK"
    },
    {
      "regime": "R4_edge_of_chaos",
      "alpha": 0.011278369776329811,
      "rate_E": 23.37962962962963,
      "rate_I": 28.679012345679013,
      "sync_E": 1.0746020165740684,
      "sync_I": 1.0407184422842135,
      "cv_isi_E": 0.5880620959971414,
      "cv_isi_I": 0.44964856290368627,
      "fano_E": 0.5414473684210527,
      "fano_I": 0.341358024691358,
      "has_nan": false,
      "status": "OK"
    },
    {
      "regime": "R5_chaotic",
      "alpha": 0.014097962220412263,
      "rate_E": 22.98148148148148,
      "rate_I": 29.209876543209877,
      "sync_E": 1.0144997852633966,
      "sync_I": 1.0638573765367267,
      "cv_isi_E": 0.6045283404113294,
      "cv_isi_I": 0.44135525247103946,
      "fano_E": 0.5490610328638499,
      "fano_I": 0.33623188405797105,
      "has_nan": false,
      "status": "OK"
    }
  ],
  "files": {
    "network/base.npz": "de58a1fa7f78e42b4f378b2a2d1657f0c1062f7eed55304997a6568c33aa0e69",
    "poisson/trains.npz": "b1695e322005de9fccbf6e6405876631106999a0cb43a3b80078b7e412cc7e04",
    "regimes/regimes.json": "b125f439a97464e5887e6eab3633859f088db0316499893dbfe0c9687f155842",
    "validation/summary.json": "f90d373b31dae7820be051b44d30600b292e8832fba0b66ac5ec343d8f19f3d2"
  }
}