{
  "rho_full": 46.48856572791093,
  "rho_EE": 49.0903442544417,
  "norm_EE": 114.04601529922152,
  "norm_EI": 111.27737709192866,
  "norm_IE": 271.0015157391842,
  "norm_II": 134.03009414195114,
  "balance": 0.9999999999999999
}