{
  "0": {
    "regime_name": "R1_deep_stable",
    "alpha_syn": 0.011705264455341252,
    "n_seeds": 5,
    "nrmse_mean": 0.8079975402373153,
    "nrmse_std": 0.08162573101602544,
    "nrmse_min": 0.7179686963830005,
    "nrmse_max": 0.9523541966607144,
    "r2_mean": 0.3404772150065476,
    "r2_std": 0.13721077700511403
  },
  "1": {
    "regime_name": "R2_stable",
    "alpha_syn": 0.02048421279684719,
    "n_seeds": 5,
    "nrmse_mean": 0.8047803700690197,
    "nrmse_std": 0.07503415429674401,
    "nrmse_min": 0.7401650114028006,
    "nrmse_max": 0.9419061273087453,
    "r2_mean": 0.346698431640544,
    "r2_std": 0.12641209444532292
  },
  "2": {
    "regime_name": "R3_edge",
    "alpha_syn": 0.02926316113835313,
    "n_seeds": 5,
    "nrmse_mean": 0.7999827321806249,
    "nrmse_std": 0.0844003283410753,
    "nrmse_min": 0.7204156665698731,
    "nrmse_max": 0.9398863208503507,
    "r2_mean": 0.35290421278874134,
    "r2_std": 0.1395804109463221
  },
  "3": {
    "regime_name": "R4_weak_chaos",
    "alpha_syn": 0.04096842559369438,
    "n_seeds": 5,
    "nrmse_mean": 0.7923556794126496,
    "nrmse_std": 0.07417667762613625,
    "nrmse_min": 0.701196867650281,
    "nrmse_max": 0.9146676660623863,
    "r2_mean": 0.36667029779886673,
    "r2_std": 0.12041355418471798
  },
  "4": {
    "regime_name": "R5_strong_chaos",
    "alpha_syn": 0.05852632227670626,
    "n_seeds": 5,
    "nrmse_mean": 0.8034948353876784,
    "nrmse_std": 0.08466208752257387,
    "nrmse_min": 0.7003269386812037,
    "nrmse_max": 0.9472781862200028,
    "r2_mean": 0.34722838044164767,
    "r2_std": 0.14042743295625387
  }
}