regime_index,regime_name,alpha_syn,bg_scale,narma_scale_nA,narma_seed,brian_time_s,dt_task_ms,n_delays,ei_split,N,K_total,K_warmup,K_train,K_test,dt_ms,ridge_cv_folds,ridge_seed,liveness,liveness_reason,rate_E_hz,pct_silent_E,cv_isi_E,nrmse,rmse,r2,alpha_ridge,total_spikes,active_neurons,mean_spikes_per_bin,n_features,K_test_actual,status,pct_silent
2,R3_edge,0.007113574780373538,1.0,1.0,42,332.3727753162384,10.0,10,False,500,800,100,500,100,0.025,5,0,WARN,CV_ISI_E=0.41 < 0.5,14.727142857142857,0.0075,0.4067959689861401,0.9612235031209381,0.13057581934902077,0.07604937704791204,10000.0,45892,497,0.15297333333333332,5500,100,OK,0.006
2,R3_edge,0.007113574780373538,1.0,1.0,42,817.5181560516357,20.0,10,False,500,800,100,500,100,0.025,5,0,WARN,CV_ISI_E=0.29 < 0.5,13.592678571428573,0.0125,0.28586927452228206,0.8772556377673602,0.1191693433505326,0.23042254600538226,10000.0,83636,494,0.2787866666666667,5500,100,OK,0.012
2,R3_edge,0.007113574780373538,1.0,1.0,42,2059.6859469413757,50.0,10,False,500,800,100,500,100,0.025,5,0,WARN,pct_silent_E=10% (10–40%),13.249071428571428,0.1025,0.1495858943139974,0.8281868336582636,0.11250367269202421,0.3141065685550998,10000.0,202695,451,0.67565,5500,100,OK,0.098
