{
  "0": {
    "regime_name": "R1_deep_stable",
    "alpha_syn": 0.013539773291458421,
    "n_seeds": 5,
    "nrmse_mean": 0.8145668032070272,
    "nrmse_std": 0.07684546283573765,
    "nrmse_min": 0.7437973467216213,
    "nrmse_max": 0.9497674488902234,
    "r2_mean": 0.33057569795464553,
    "r2_std": 0.12989824375661702
  },
  "1": {
    "regime_name": "R2_stable",
    "alpha_syn": 0.023694603260052235,
    "n_seeds": 5,
    "nrmse_mean": 0.7998934128947794,
    "nrmse_std": 0.0922822225716221,
    "nrmse_min": 0.6995209689486472,
    "nrmse_max": 0.9539233687210056,
    "r2_mean": 0.35165451940478354,
    "r2_std": 0.15278070912806754
  },
  "2": {
    "regime_name": "R3_edge",
    "alpha_syn": 0.03384943322864605,
    "n_seeds": 5,
    "nrmse_mean": 0.801424143532121,
    "nrmse_std": 0.08679219815717379,
    "nrmse_min": 0.7062596308726119,
    "nrmse_max": 0.9427937217815688,
    "r2_mean": 0.3501864565028521,
    "r2_std": 0.14272772214015242
  },
  "3": {
    "regime_name": "R4_weak_chaos",
    "alpha_syn": 0.04738920652010447,
    "n_seeds": 5,
    "nrmse_mean": 0.7955739386473297,
    "nrmse_std": 0.09407655757333906,
    "nrmse_min": 0.7233242696936083,
    "nrmse_max": 0.9590577752654331,
    "r2_mean": 0.35821170946032505,
    "r2_std": 0.15704501551991645
  },
  "4": {
    "regime_name": "R5_strong_chaos",
    "alpha_syn": 0.0676988664572921,
    "n_seeds": 5,
    "nrmse_mean": 0.7896969164761478,
    "nrmse_std": 0.0881630650768952,
    "nrmse_min": 0.7139748332633228,
    "nrmse_max": 0.9382356056103168,
    "r2_mean": 0.3686060540643112,
    "r2_std": 0.14495916582805768
  }
}