{
  "rho_full": 60.9306957155403,
  "rho_EE": 48.05329052913239,
  "norm_EE": 113.86524572454964,
  "norm_EI": 116.9855387051019,
  "norm_IE": 285.01273007082204,
  "norm_II": 135.1082676032122,
  "balance": 1.0000000000000002
}