{
  "rho_full": 266.12985515372253,
  "rho_EE": 240.6152677553771,
  "norm_EE": 561.6882575034491,
  "norm_EI": 563.7084234226222,
  "norm_IE": 1350.1927931052319,
  "norm_II": 671.8320909953904,
  "balance": 0.9999999999999996
}